trip_id,passengers,delay_min,distance_km,line_type,hour_band,crowded
1,58.2,16,17.4,철도,출근,1
2,24.4,16,30.5,지하철,심야,0
3,71.5,16,10.2,지하철,출근,1
4,72.1,22,24.9,지하철,낮,1
5,75.9,18,14.0,지하철,출근,1
6,37.3,12,22.8,지하철,낮,0
7,11.9,8,27.4,철도,출근,0
8,9.5,94,21.3,철도,퇴근,0
9,59.3,,14.2,철도,심야,1
10,71.9,8,15.7,지하철,퇴근,1
11,45.0,81,30.1,철도,낮,0
12,43.9,1,31.8,철도,출근,1
13,13.6,13,15.4,지하철,낮,0
14,37.7,20,31.9,지하철,심야,0
15,19.6,15,31.9,철도,심야,0
16,17.0,1,33.1,지하철,퇴근,0
17,23.7,16,23.2,철도,낮,0
18,10.4,112,16.8,지하철,퇴근,0
19,18.1,3,13.3,버스,심야,0
20,69.5,25,21.0,철도,출근,1
21,70.5,16,28.0,버스,심야,1
22,,2,31.8,지하철,심야,0
23,65.4,6,15.6,지하철,심야,1
24,75.6,,4.4,지하철,출근,1
25,41.2,25,14.1,,심야,1
26,71.4,2,13.6,지하철,퇴근,1
27,66.8,2,13.3,버스,심야,1
28,18.2,,11.3,지하철,낮,0
29,55.1,14,28.8,지하철,낮,1
30,34.8,25,30.0,버스,퇴근,1
31,41.6,11,24.8,버스,출근,1
32,66.7,4,21.2,,퇴근,1
33,,24,30.3,버스,심야,1
34,34.5,19,11.0,,출근,1
35,24.9,5,15.5,지하철,심야,0
36,55.5,3,4.5,지하철,출근,1
37,12.7,3,23.4,지하철,심야,0
38,19.3,14,24.7,지하철,심야,0
39,,17,12.0,철도,심야,1
40,7.6,7,9.9,철도,심야,0
41,57.8,0,18.0,지하철,심야,0
42,23.4,10,32.1,버스,낮,0
43,62.4,6,11.1,지하철,출근,1
44,12.8,8,20.1,,퇴근,0
45,53.1,20,14.6,지하철,낮,1
46,43.2,0,30.4,철도,심야,0
47,29.8,22,6.4,버스,퇴근,1
48,48.3,,6.6,버스,퇴근,1
49,21.8,16,19.1,철도,낮,0
50,28.3,5,18.2,지하철,퇴근,0
51,51.9,9,12.7,지하철,출근,1
52,27.1,18,6.6,버스,퇴근,1
53,75.0,,19.2,철도,낮,1
54,52.9,22,7.3,버스,낮,1
55,5.5,25,20.5,철도,심야,0
56,46.9,9,2.3,지하철,출근,1
57,43.1,,31.6,지하철,낮,1
58,8.9,6,23.4,철도,심야,0
59,74.3,25,17.7,,낮,1
60,15.4,,25.7,지하철,퇴근,1
61,47.4,,4.4,버스,퇴근,1
62,25.0,5,12.1,,심야,0
63,29.8,10,5.7,버스,출근,1
64,5.3,20,29.1,지하철,출근,0
65,30.0,4,18.0,지하철,심야,0
66,73.4,6,24.3,버스,출근,1
67,68.3,3,35.0,버스,낮,1
68,44.2,25,16.8,버스,심야,1
69,32.9,15,4.7,지하철,낮,1
70,38.1,20,26.5,철도,심야,0
71,48.6,0,29.3,버스,출근,1
72,63.6,6,31.1,지하철,퇴근,1
73,40.8,,33.4,지하철,퇴근,0
74,79.2,23,3.8,버스,퇴근,1
75,68.1,16,28.8,버스,퇴근,1
76,74.7,25,23.1,,심야,1
77,33.5,13,31.8,,낮,0
78,17.2,22,14.7,철도,출근,1
79,58.9,17,3.2,버스,낮,1
80,18.9,8,3.8,철도,낮,0
81,22.8,25,2.6,지하철,출근,1
82,35.4,23,14.7,지하철,퇴근,1
83,12.5,1,27.5,지하철,출근,0
84,43.5,,9.7,지하철,출근,0
85,64.9,3,22.6,버스,심야,1
86,46.3,93,14.3,철도,퇴근,1
87,62.7,24,22.7,버스,심야,1
88,7.2,25,21.4,버스,낮,0
89,,9,8.6,철도,출근,1
90,41.4,2,25.9,철도,퇴근,1
91,37.6,11,6.2,지하철,출근,1
92,35.4,14,34.3,지하철,출근,1
93,41.6,1,7.4,버스,낮,0
94,24.0,14,16.1,버스,심야,0
95,40.2,24,10.9,철도,심야,1
96,,8,33.1,,심야,0
97,13.1,4,19.2,지하철,출근,0
98,69.0,16,17.2,,출근,1
99,29.4,10,21.8,지하철,낮,0
100,14.2,12,8.0,지하철,출근,0
101,,18,6.9,지하철,낮,0
102,45.0,9,30.2,버스,심야,1
103,36.7,9,30.9,버스,퇴근,1
104,62.3,9,13.5,버스,낮,1
105,6.9,20,2.0,버스,심야,0
106,13.5,,29.1,지하철,퇴근,0
107,66.0,19,7.6,버스,낮,1
108,22.3,11,13.9,지하철,출근,0
109,12.2,0,18.6,지하철,출근,0
110,14.8,13,6.3,버스,퇴근,0
111,32.1,16,10.4,,심야,1
112,17.1,17,12.3,,심야,0
113,8.6,6,28.8,지하철,퇴근,0
114,,2,6.7,버스,심야,0
115,42.2,9,28.1,철도,낮,0
116,78.4,12,6.2,버스,출근,1
117,63.1,0,30.9,지하철,퇴근,1
118,71.6,8,15.4,지하철,낮,1
119,70.1,107,4.9,버스,출근,1
120,43.3,11,19.7,버스,퇴근,1
121,76.9,9,29.9,철도,출근,1
122,18.2,11,6.4,지하철,퇴근,1
123,52.3,6,16.0,철도,심야,0
124,51.8,2,14.7,버스,낮,0
125,62.7,8,34.7,철도,심야,1
126,12.3,,25.0,철도,퇴근,0
127,68.3,21,19.2,버스,퇴근,1
128,77.3,23,14.4,버스,낮,1
129,50.2,7,29.4,지하철,낮,1
130,40.5,2,20.0,지하철,낮,0
131,19.4,5,12.1,버스,퇴근,0
132,45.7,7,4.7,철도,심야,0
133,73.0,23,29.7,지하철,심야,1
134,47.2,19,12.4,,퇴근,1
135,63.3,23,7.7,지하철,퇴근,1
136,56.5,1,32.7,,심야,0
137,71.8,0,11.2,지하철,낮,1
138,69.0,23,33.4,버스,출근,1
139,23.6,16,18.7,철도,출근,0
140,36.4,,16.0,철도,낮,0
141,12.8,8,15.0,버스,심야,0
142,25.9,,6.5,,퇴근,0
143,9.9,17,10.6,버스,퇴근,0
144,18.4,9,27.7,버스,출근,0
145,16.7,5,21.6,지하철,퇴근,0
146,33.8,,5.4,,출근,1
147,44.9,2,23.3,버스,퇴근,0
148,49.3,6,6.4,철도,퇴근,1
149,33.6,6,15.3,철도,낮,0
150,42.3,16,30.4,지하철,심야,1
151,14.4,,29.0,버스,출근,0
152,53.0,,30.4,철도,출근,1
153,38.9,21,29.3,지하철,낮,1
154,73.5,,5.1,철도,퇴근,1
155,36.2,9,2.7,철도,출근,1
156,65.0,0,25.2,버스,출근,1
157,16.1,6,21.0,버스,낮,0
158,59.0,5,28.8,철도,출근,1
159,7.2,12,19.5,철도,낮,0
160,,15,24.7,철도,출근,1
161,72.9,,24.6,지하철,심야,1
162,53.1,16,21.0,버스,심야,1
163,14.2,19,26.8,버스,낮,0
164,47.2,7,32.8,버스,출근,1
165,55.5,,20.7,버스,출근,1
166,56.9,12,18.5,,퇴근,1
167,13.0,20,31.5,지하철,퇴근,0
168,47.0,7,32.7,철도,낮,0
169,36.8,19,10.1,지하철,낮,1
170,69.7,21,4.2,지하철,심야,1
171,14.1,17,29.6,지하철,퇴근,1
172,23.3,20,24.9,버스,심야,0
173,78.2,19,10.5,철도,출근,1
174,70.8,1,33.2,철도,심야,1
175,68.1,13,33.0,철도,출근,1
176,49.9,14,5.0,철도,낮,1
177,,23,32.0,철도,출근,1
178,56.4,1,3.4,버스,낮,1
179,24.8,15,2.5,지하철,출근,1
180,20.4,25,22.0,철도,심야,0
181,24.1,24,23.3,지하철,낮,1
182,61.6,9,22.1,철도,퇴근,1
183,39.4,,3.0,버스,퇴근,1
184,14.4,25,21.2,지하철,심야,0
185,75.8,19,7.4,지하철,출근,1
186,26.0,0,33.6,지하철,낮,0
187,63.9,0,28.0,철도,심야,0
188,78.0,18,32.0,지하철,퇴근,1
189,,25,31.6,철도,낮,1
190,16.5,14,27.6,지하철,출근,0
