passenger_id,pclass,age,sibsp,parch,fare,sex,embarked,survived
1,3,22.0,1,0,7.25,male,S,0
2,1,38.0,1,0,71.2833,female,C,1
3,3,26.0,0,0,7.925,female,S,1
4,1,35.0,1,0,53.1,female,S,1
5,3,35.0,0,0,8.05,male,S,0
6,3,,0,0,8.4583,male,Q,0
7,1,54.0,0,0,51.8625,male,S,0
8,3,2.0,3,1,21.075,male,S,0
9,3,27.0,0,2,11.1333,female,S,1
10,2,14.0,1,0,30.0708,female,C,1
11,3,4.0,1,1,16.7,female,S,1
12,1,58.0,0,0,26.55,female,S,1
13,3,20.0,0,0,8.05,male,S,0
14,3,39.0,1,5,31.275,male,S,0
15,3,14.0,0,0,7.8542,female,S,0
16,2,55.0,0,0,16.0,female,S,1
17,3,2.0,4,1,29.125,male,Q,0
18,2,,0,0,13.0,male,S,1
19,3,31.0,1,0,18.0,female,S,0
20,3,,0,0,7.225,female,C,1
21,2,35.0,0,0,26.0,male,S,0
22,2,34.0,0,0,13.0,male,S,1
23,3,15.0,0,0,8.0292,female,Q,1
24,1,28.0,0,0,35.5,male,S,1
25,3,8.0,3,1,21.075,female,S,0
26,3,38.0,1,5,31.3875,female,S,1
27,3,,0,0,7.225,male,C,0
28,1,19.0,3,2,263.0,male,S,0
29,3,,0,0,7.8792,female,Q,1
30,3,,0,0,7.8958,male,S,0
31,1,40.0,0,0,27.7208,male,C,0
32,1,,1,0,146.5208,female,C,1
33,3,,0,0,7.75,female,Q,1
34,2,66.0,0,0,10.5,male,S,0
35,1,28.0,1,0,82.1708,male,C,0
36,1,42.0,1,0,52.0,male,S,0
37,3,,0,0,7.2292,male,C,1
38,3,21.0,0,0,8.05,male,S,0
39,3,18.0,2,0,18.0,female,S,0
40,3,14.0,1,0,11.2417,female,C,1
41,3,40.0,1,0,9.475,female,S,0
42,2,27.0,1,0,21.0,female,S,0
43,3,,0,0,7.8958,male,C,0
44,2,3.0,1,2,41.5792,female,C,1
45,3,19.0,0,0,7.8792,female,Q,1
46,3,,0,0,8.05,male,S,0
47,3,,1,0,15.5,male,Q,0
48,3,,0,0,7.75,female,Q,1
49,3,,2,0,21.6792,male,C,0
50,3,18.0,1,0,17.8,female,S,0
51,3,7.0,4,1,39.6875,male,S,0
52,3,21.0,0,0,7.8,male,S,0
53,1,49.0,1,0,76.7292,female,C,1
54,2,29.0,1,0,26.0,female,S,1
55,1,65.0,0,1,61.9792,male,C,0
56,1,,0,0,35.5,male,S,1
57,2,21.0,0,0,10.5,female,S,1
58,3,28.5,0,0,7.2292,male,C,0
59,2,5.0,1,2,27.75,female,S,1
60,3,11.0,5,2,46.9,male,S,0
61,3,22.0,0,0,7.2292,male,C,0
62,1,38.0,0,0,80.0,female,,1
63,1,45.0,1,0,83.475,male,S,0
64,3,4.0,3,2,27.9,male,S,0
65,1,,0,0,27.7208,male,C,0
66,3,,1,1,15.2458,male,C,1
67,2,29.0,0,0,10.5,female,S,1
68,3,19.0,0,0,8.1583,male,S,0
69,3,17.0,4,2,7.925,female,S,1
70,3,26.0,2,0,8.6625,male,S,0
71,2,32.0,0,0,10.5,male,S,0
72,3,16.0,5,2,46.9,female,S,0
73,2,21.0,0,0,73.5,male,S,0
74,3,26.0,1,0,14.4542,male,C,0
75,3,32.0,0,0,56.4958,male,S,1
76,3,25.0,0,0,7.65,male,S,0
77,3,,0,0,7.8958,male,S,0
78,3,,0,0,8.05,male,S,0
79,2,0.83,0,2,29.0,male,S,1
80,3,30.0,0,0,12.475,female,S,1
81,3,22.0,0,0,9.0,male,S,0
82,3,29.0,0,0,9.5,male,S,1
83,3,,0,0,7.7875,female,Q,1
84,1,28.0,0,0,47.1,male,S,0
85,2,17.0,0,0,10.5,female,S,1
86,3,33.0,3,0,15.85,female,S,1
87,3,16.0,1,3,34.375,male,S,0
88,3,,0,0,8.05,male,S,0
89,1,23.0,3,2,263.0,female,S,1
90,3,24.0,0,0,8.05,male,S,0
91,3,29.0,0,0,8.05,male,S,0
92,3,20.0,0,0,7.8542,male,S,0
93,1,46.0,1,0,61.175,male,S,0
94,3,26.0,1,2,20.575,male,S,0
95,3,59.0,0,0,7.25,male,S,0
96,3,,0,0,8.05,male,S,0
97,1,71.0,0,0,34.6542,male,C,0
98,1,23.0,0,1,63.3583,male,C,1
99,2,34.0,0,1,23.0,female,S,1
100,2,34.0,1,0,26.0,male,S,0
101,3,28.0,0,0,7.8958,female,S,0
102,3,,0,0,7.8958,male,S,0
103,1,21.0,0,1,77.2875,male,S,0
104,3,33.0,0,0,8.6542,male,S,0
105,3,37.0,2,0,7.925,male,S,0
106,3,28.0,0,0,7.8958,male,S,0
107,3,21.0,0,0,7.65,female,S,1
108,3,,0,0,7.775,male,S,1
109,3,38.0,0,0,7.8958,male,S,0
110,3,,1,0,24.15,female,Q,1
111,1,47.0,0,0,52.0,male,S,0
112,3,14.5,1,0,14.4542,female,C,0
113,3,22.0,0,0,8.05,male,S,0
114,3,20.0,1,0,9.825,female,S,0
115,3,17.0,0,0,14.4583,female,C,0
116,3,21.0,0,0,7.925,male,S,0
117,3,70.5,0,0,7.75,male,Q,0
118,2,29.0,1,0,21.0,male,S,0
119,1,24.0,0,1,247.5208,male,C,0
120,3,2.0,4,2,31.275,female,S,0
121,2,21.0,2,0,73.5,male,S,0
122,3,,0,0,8.05,male,S,0
123,2,32.5,1,0,30.0708,male,C,0
124,2,32.5,0,0,13.0,female,S,1
125,1,54.0,0,1,77.2875,male,S,0
126,3,12.0,1,0,11.2417,male,C,1
127,3,,0,0,7.75,male,Q,0
128,3,24.0,0,0,7.1417,male,S,1
129,3,,1,1,22.3583,female,C,1
130,3,45.0,0,0,6.975,male,S,0
131,3,33.0,0,0,7.8958,male,C,0
132,3,20.0,0,0,7.05,male,S,0
133,3,47.0,1,0,14.5,female,S,0
134,2,29.0,1,0,26.0,female,S,1
135,2,25.0,0,0,13.0,male,S,0
136,2,23.0,0,0,15.0458,male,C,0
137,1,19.0,0,2,26.2833,female,S,1
138,1,37.0,1,0,53.1,male,S,0
139,3,16.0,0,0,9.2167,male,S,0
140,1,24.0,0,0,79.2,male,C,0
141,3,,0,2,15.2458,female,C,0
142,3,22.0,0,0,7.75,female,S,1
143,3,24.0,1,0,15.85,female,S,1
144,3,19.0,0,0,6.75,male,Q,0
145,2,18.0,0,0,11.5,male,S,0
146,2,19.0,1,1,36.75,male,S,0
147,3,27.0,0,0,7.7958,male,S,1
148,3,9.0,2,2,34.375,female,S,0
149,2,36.5,0,2,26.0,male,S,0
150,2,42.0,0,0,13.0,male,S,0
151,2,51.0,0,0,12.525,male,S,0
152,1,22.0,1,0,66.6,female,S,1
153,3,55.5,0,0,8.05,male,S,0
154,3,40.5,0,2,14.5,male,S,0
155,3,,0,0,7.3125,male,S,0
156,1,51.0,0,1,61.3792,male,C,0
157,3,16.0,0,0,7.7333,female,Q,1
158,3,30.0,0,0,8.05,male,S,0
159,3,,0,0,8.6625,male,S,0
160,3,,8,2,69.55,male,S,0
161,3,44.0,0,1,16.1,male,S,0
162,2,40.0,0,0,15.75,female,S,1
163,3,26.0,0,0,7.775,male,S,0
164,3,17.0,0,0,8.6625,male,S,0
165,3,1.0,4,1,39.6875,male,S,0
166,3,9.0,0,2,20.525,male,S,1
167,1,,0,1,55.0,female,S,1
168,3,45.0,1,4,27.9,female,S,0
169,1,,0,0,25.925,male,S,0
170,3,28.0,0,0,56.4958,male,S,0
171,1,61.0,0,0,33.5,male,S,0
172,3,4.0,4,1,29.125,male,Q,0
173,3,1.0,1,1,11.1333,female,S,1
174,3,21.0,0,0,7.925,male,S,0
175,1,56.0,0,0,30.6958,male,C,0
176,3,18.0,1,1,7.8542,male,S,0
177,3,,3,1,25.4667,male,S,0
178,1,50.0,0,0,28.7125,female,C,0
179,2,30.0,0,0,13.0,male,S,0
180,3,36.0,0,0,0.0,male,S,0
181,3,,8,2,69.55,female,S,0
182,2,,0,0,15.05,male,C,0
183,3,9.0,4,2,31.3875,male,S,0
184,2,1.0,2,1,39.0,male,S,1
185,3,4.0,0,2,22.025,female,S,1
186,1,,0,0,50.0,male,S,0
187,3,,1,0,15.5,female,Q,1
188,1,45.0,0,0,26.55,male,S,1
189,3,40.0,1,1,15.5,male,Q,0
190,3,36.0,0,0,7.8958,male,S,0
191,2,32.0,0,0,13.0,female,S,1
192,2,19.0,0,0,13.0,male,S,0
193,3,19.0,1,0,7.8542,female,S,1
194,2,3.0,1,1,26.0,male,S,1
195,1,44.0,0,0,27.7208,female,C,1
196,1,58.0,0,0,146.5208,female,C,1
197,3,,0,0,7.75,male,Q,0
198,3,42.0,0,1,8.4042,male,S,0
199,3,,0,0,7.75,female,Q,1
200,2,24.0,0,0,13.0,female,S,0
201,3,28.0,0,0,9.5,male,S,0
202,3,,8,2,69.55,male,S,0
203,3,34.0,0,0,6.4958,male,S,0
204,3,45.5,0,0,7.225,male,C,0
205,3,18.0,0,0,8.05,male,S,1
206,3,2.0,0,1,10.4625,female,S,0
207,3,32.0,1,0,15.85,male,S,0
208,3,26.0,0,0,18.7875,male,C,1
209,3,16.0,0,0,7.75,female,Q,1
210,1,40.0,0,0,31.0,male,C,1
211,3,24.0,0,0,7.05,male,S,0
212,2,35.0,0,0,21.0,female,S,1
213,3,22.0,0,0,7.25,male,S,0
214,2,30.0,0,0,13.0,male,S,0
215,3,,1,0,7.75,male,Q,0
216,1,31.0,1,0,113.275,female,C,1
217,3,27.0,0,0,7.925,female,S,1
218,2,42.0,1,0,27.0,male,S,0
219,1,32.0,0,0,76.2917,female,C,1
220,2,30.0,0,0,10.5,male,S,0
221,3,16.0,0,0,8.05,male,S,1
222,2,27.0,0,0,13.0,male,S,0
223,3,51.0,0,0,8.05,male,S,0
224,3,,0,0,7.8958,male,S,0
225,1,38.0,1,0,90.0,male,S,1
226,3,22.0,0,0,9.35,male,S,0
227,2,19.0,0,0,10.5,male,S,1
228,3,20.5,0,0,7.25,male,S,0
229,2,18.0,0,0,13.0,male,S,0
230,3,,3,1,25.4667,female,S,0
231,1,35.0,1,0,83.475,female,S,1
232,3,29.0,0,0,7.775,male,S,0
233,2,59.0,0,0,13.5,male,S,0
234,3,5.0,4,2,31.3875,female,S,1
235,2,24.0,0,0,10.5,male,S,0
236,3,,0,0,7.55,female,S,0
237,2,44.0,1,0,26.0,male,S,0
238,2,8.0,0,2,26.25,female,S,1
239,2,19.0,0,0,10.5,male,S,0
240,2,33.0,0,0,12.275,male,S,0
241,3,,1,0,14.4542,female,C,0
242,3,,1,0,15.5,female,Q,1
243,2,29.0,0,0,10.5,male,S,0
244,3,22.0,0,0,7.125,male,S,0
245,3,30.0,0,0,7.225,male,C,0
246,1,44.0,2,0,90.0,male,Q,0
247,3,25.0,0,0,7.775,female,S,0
248,2,24.0,0,2,14.5,female,S,1
249,1,37.0,1,1,52.5542,male,S,1
250,2,54.0,1,0,26.0,male,S,0
251,3,,0,0,7.25,male,S,0
252,3,29.0,1,1,10.4625,female,S,0
253,1,62.0,0,0,26.55,male,S,0
254,3,30.0,1,0,16.1,male,S,0
255,3,41.0,0,2,20.2125,female,S,0
256,3,29.0,0,2,15.2458,female,C,1
257,1,,0,0,79.2,female,C,1
258,1,30.0,0,0,86.5,female,S,1
259,1,35.0,0,0,512.3292,female,C,1
260,2,50.0,0,1,26.0,female,S,1
261,3,,0,0,7.75,male,Q,0
262,3,3.0,4,2,31.3875,male,S,1
263,1,52.0,1,1,79.65,male,S,0
264,1,40.0,0,0,0.0,male,S,0
265,3,,0,0,7.75,female,Q,0
266,2,36.0,0,0,10.5,male,S,0
267,3,16.0,4,1,39.6875,male,S,0
268,3,25.0,1,0,7.775,male,S,1
269,1,58.0,0,1,153.4625,female,S,1
270,1,35.0,0,0,135.6333,female,S,1
271,1,,0,0,31.0,male,S,0
272,3,25.0,0,0,0.0,male,S,1
273,2,41.0,0,1,19.5,female,S,1
274,1,37.0,0,1,29.7,male,C,0
275,3,,0,0,7.75,female,Q,1
276,1,63.0,1,0,77.9583,female,S,1
277,3,45.0,0,0,7.75,female,S,0
278,2,,0,0,0.0,male,S,0
279,3,7.0,4,1,29.125,male,Q,0
280,3,35.0,1,1,20.25,female,S,1
281,3,65.0,0,0,7.75,male,Q,0
282,3,28.0,0,0,7.8542,male,S,0
283,3,16.0,0,0,9.5,male,S,0
284,3,19.0,0,0,8.05,male,S,1
285,1,,0,0,26.0,male,S,0
286,3,33.0,0,0,8.6625,male,C,0
287,3,30.0,0,0,9.5,male,S,1
288,3,22.0,0,0,7.8958,male,S,0
289,2,42.0,0,0,13.0,male,S,1
290,3,22.0,0,0,7.75,female,Q,1
291,1,26.0,0,0,78.85,female,S,1
292,1,19.0,1,0,91.0792,female,C,1
293,2,36.0,0,0,12.875,male,C,0
294,3,24.0,0,0,8.85,female,S,0
295,3,24.0,0,0,7.8958,male,S,0
296,1,,0,0,27.7208,male,C,0
297,3,23.5,0,0,7.2292,male,C,0
298,1,2.0,1,2,151.55,female,S,0
299,1,,0,0,30.5,male,S,1
300,1,50.0,0,1,247.5208,female,C,1
301,3,,0,0,7.75,female,Q,1
302,3,,2,0,23.25,male,Q,1
303,3,19.0,0,0,0.0,male,S,0
304,2,,0,0,12.35,female,Q,1
305,3,,0,0,8.05,male,S,0
306,1,0.92,1,2,151.55,male,S,1
307,1,,0,0,110.8833,female,C,1
308,1,17.0,1,0,108.9,female,C,1
309,2,30.0,1,0,24.0,male,C,0
310,1,30.0,0,0,56.9292,female,C,1
311,1,24.0,0,0,83.1583,female,C,1
312,1,18.0,2,2,262.375,female,C,1
313,2,26.0,1,1,26.0,female,S,0
314,3,28.0,0,0,7.8958,male,S,0
315,2,43.0,1,1,26.25,male,S,0
316,3,26.0,0,0,7.8542,female,S,1
317,2,24.0,1,0,26.0,female,S,1
318,2,54.0,0,0,14.0,male,S,0
319,1,31.0,0,2,164.8667,female,S,1
320,1,40.0,1,1,134.5,female,C,1
321,3,22.0,0,0,7.25,male,S,0
322,3,27.0,0,0,7.8958,male,S,0
323,2,30.0,0,0,12.35,female,Q,1
324,2,22.0,1,1,29.0,female,S,1
325,3,,8,2,69.55,male,S,0
326,1,36.0,0,0,135.6333,female,C,1
327,3,61.0,0,0,6.2375,male,S,0
328,2,36.0,0,0,13.0,female,S,1
329,3,31.0,1,1,20.525,female,S,1
330,1,16.0,0,1,57.9792,female,C,1
331,3,,2,0,23.25,female,Q,1
332,1,45.5,0,0,28.5,male,S,0
333,1,38.0,0,1,153.4625,male,S,0
334,3,16.0,2,0,18.0,male,S,0
335,1,,1,0,133.65,female,S,1
336,3,,0,0,7.8958,male,S,0
337,1,29.0,1,0,66.6,male,S,0
338,1,41.0,0,0,134.5,female,C,1
339,3,45.0,0,0,8.05,male,S,1
340,1,45.0,0,0,35.5,male,S,0
341,2,2.0,1,1,26.0,male,S,1
342,1,24.0,3,2,263.0,female,S,1
343,2,28.0,0,0,13.0,male,S,0
344,2,25.0,0,0,13.0,male,S,0
345,2,36.0,0,0,13.0,male,S,0
346,2,24.0,0,0,13.0,female,S,1
347,2,40.0,0,0,13.0,female,S,1
348,3,,1,0,16.1,female,S,1
349,3,3.0,1,1,15.9,male,S,1
350,3,42.0,0,0,8.6625,male,S,0
351,3,23.0,0,0,9.225,male,S,0
352,1,,0,0,35.0,male,S,0
353,3,15.0,1,1,7.2292,male,C,0
354,3,25.0,1,0,17.8,male,S,0
355,3,,0,0,7.225,male,C,0
356,3,28.0,0,0,9.5,male,S,0
357,1,22.0,0,1,55.0,female,S,1
358,2,38.0,0,0,13.0,female,S,0
359,3,,0,0,7.8792,female,Q,1
360,3,,0,0,7.8792,female,Q,1
361,3,40.0,1,4,27.9,male,S,0
362,2,29.0,1,0,27.7208,male,C,0
363,3,45.0,0,1,14.4542,female,C,0
364,3,35.0,0,0,7.05,male,S,0
365,3,,1,0,15.5,male,Q,0
366,3,30.0,0,0,7.25,male,S,0
367,1,60.0,1,0,75.25,female,C,1
368,3,,0,0,7.2292,female,C,1
369,3,,0,0,7.75,female,Q,1
370,1,24.0,0,0,69.3,female,C,1
371,1,25.0,1,0,55.4417,male,C,1
372,3,18.0,1,0,6.4958,male,S,0
373,3,19.0,0,0,8.05,male,S,0
374,1,22.0,0,0,135.6333,male,C,0
375,3,3.0,3,1,21.075,female,S,0
376,1,,1,0,82.1708,female,C,1
377,3,22.0,0,0,7.25,female,S,1
378,1,27.0,0,2,211.5,male,C,0
379,3,20.0,0,0,4.0125,male,C,0
380,3,19.0,0,0,7.775,male,S,0
381,1,42.0,0,0,227.525,female,C,1
382,3,1.0,0,2,15.7417,female,C,1
383,3,32.0,0,0,7.925,male,S,0
384,1,35.0,1,0,52.0,female,S,1
385,3,,0,0,7.8958,male,S,0
386,2,18.0,0,0,73.5,male,S,0
387,3,1.0,5,2,46.9,male,S,0
388,2,36.0,0,0,13.0,female,S,1
389,3,,0,0,7.7292,male,Q,0
390,2,17.0,0,0,12.0,female,C,1
391,1,36.0,1,2,120.0,male,S,1
392,3,21.0,0,0,7.7958,male,S,1
393,3,28.0,2,0,7.925,male,S,0
394,1,23.0,1,0,113.275,female,C,1
395,3,24.0,0,2,16.7,female,S,1
396,3,22.0,0,0,7.7958,male,S,0
397,3,31.0,0,0,7.8542,female,S,0
398,2,46.0,0,0,26.0,male,S,0
399,2,23.0,0,0,10.5,male,S,0
400,2,28.0,0,0,12.65,female,S,1
401,3,39.0,0,0,7.925,male,S,1
402,3,26.0,0,0,8.05,male,S,0
403,3,21.0,1,0,9.825,female,S,0
404,3,28.0,1,0,15.85,male,S,0
405,3,20.0,0,0,8.6625,female,S,0
406,2,34.0,1,0,21.0,male,S,0
407,3,51.0,0,0,7.75,male,S,0
408,2,3.0,1,1,18.75,male,S,1
409,3,21.0,0,0,7.775,male,S,0
410,3,,3,1,25.4667,female,S,0
411,3,,0,0,7.8958,male,S,0
412,3,,0,0,6.8583,male,Q,0
413,1,33.0,1,0,90.0,female,Q,1
414,2,,0,0,0.0,male,S,0
415,3,44.0,0,0,7.925,male,S,1
416,3,,0,0,8.05,female,S,0
417,2,34.0,1,1,32.5,female,S,1
418,2,18.0,0,2,13.0,female,S,1
419,2,30.0,0,0,13.0,male,S,0
420,3,10.0,0,2,24.15,female,S,0
421,3,,0,0,7.8958,male,C,0
422,3,21.0,0,0,7.7333,male,Q,0
423,3,29.0,0,0,7.875,male,S,0
424,3,28.0,1,1,14.4,female,S,0
425,3,18.0,1,1,20.2125,male,S,0
426,3,,0,0,7.25,male,S,0
427,2,28.0,1,0,26.0,female,S,1
428,2,19.0,0,0,26.0,female,S,1
429,3,,0,0,7.75,male,Q,0
430,3,32.0,0,0,8.05,male,S,1
431,1,28.0,0,0,26.55,male,S,1
432,3,,1,0,16.1,female,S,1
433,2,42.0,1,0,26.0,female,S,1
434,3,17.0,0,0,7.125,male,S,0
435,1,50.0,1,0,55.9,male,S,0
436,1,14.0,1,2,120.0,female,S,1
437,3,21.0,2,2,34.375,female,S,0
438,2,24.0,2,3,18.75,female,S,1
439,1,64.0,1,4,263.0,male,S,0
440,2,31.0,0,0,10.5,male,S,0
441,2,45.0,1,1,26.25,female,S,1
442,3,20.0,0,0,9.5,male,S,0
443,3,25.0,1,0,7.775,male,S,0
444,2,28.0,0,0,13.0,female,S,1
445,3,,0,0,8.1125,male,S,1
446,1,4.0,0,2,81.8583,male,S,1
447,2,13.0,0,1,19.5,female,S,1
448,1,34.0,0,0,26.55,male,S,1
449,3,5.0,2,1,19.2583,female,C,1
450,1,52.0,0,0,30.5,male,S,1
451,2,36.0,1,2,27.75,male,S,0
452,3,,1,0,19.9667,male,S,0
453,1,30.0,0,0,27.75,male,C,0
454,1,49.0,1,0,89.1042,male,C,1
455,3,,0,0,8.05,male,S,0
456,3,29.0,0,0,7.8958,male,C,1
457,1,65.0,0,0,26.55,male,S,0
458,1,,1,0,51.8625,female,S,1
459,2,50.0,0,0,10.5,female,S,1
460,3,,0,0,7.75,male,Q,0
461,1,48.0,0,0,26.55,male,S,1
462,3,34.0,0,0,8.05,male,S,0
463,1,47.0,0,0,38.5,male,S,0
464,2,48.0,0,0,13.0,male,S,0
465,3,,0,0,8.05,male,S,0
466,3,38.0,0,0,7.05,male,S,0
467,2,,0,0,0.0,male,S,0
468,1,56.0,0,0,26.55,male,S,0
469,3,,0,0,7.725,male,Q,0
470,3,0.75,2,1,19.2583,female,C,1
471,3,,0,0,7.25,male,S,0
472,3,38.0,0,0,8.6625,male,S,0
473,2,33.0,1,2,27.75,female,S,1
474,2,23.0,0,0,13.7917,female,C,1
475,3,22.0,0,0,9.8375,female,S,0
476,1,,0,0,52.0,male,S,0
477,2,34.0,1,0,21.0,male,S,0
478,3,29.0,1,0,7.0458,male,S,0
479,3,22.0,0,0,7.5208,male,S,0
480,3,2.0,0,1,12.2875,female,S,1
481,3,9.0,5,2,46.9,male,S,0
482,2,,0,0,0.0,male,S,0
483,3,50.0,0,0,8.05,male,S,0
484,3,63.0,0,0,9.5875,female,S,1
485,1,25.0,1,0,91.0792,male,C,1
486,3,,3,1,25.4667,female,S,0
487,1,35.0,1,0,90.0,female,S,1
488,1,58.0,0,0,29.7,male,C,0
489,3,30.0,0,0,8.05,male,S,0
490,3,9.0,1,1,15.9,male,S,1
491,3,,1,0,19.9667,male,S,0
492,3,21.0,0,0,7.25,male,S,0
493,1,55.0,0,0,30.5,male,S,0
494,1,71.0,0,0,49.5042,male,C,0
495,3,21.0,0,0,8.05,male,S,0
496,3,,0,0,14.4583,male,C,0
497,1,54.0,1,0,78.2667,female,C,1
498,3,,0,0,15.1,male,S,0
499,1,25.0,1,2,151.55,female,S,0
500,3,24.0,0,0,7.7958,male,S,0
501,3,17.0,0,0,8.6625,male,S,0
502,3,21.0,0,0,7.75,female,Q,0
503,3,,0,0,7.6292,female,Q,0
504,3,37.0,0,0,9.5875,female,S,0
505,1,16.0,0,0,86.5,female,S,1
506,1,18.0,1,0,108.9,male,C,0
507,2,33.0,0,2,26.0,female,S,1
508,1,,0,0,26.55,male,S,1
509,3,28.0,0,0,22.525,male,S,0
510,3,26.0,0,0,56.4958,male,S,1
511,3,29.0,0,0,7.75,male,Q,1
512,3,,0,0,8.05,male,S,0
513,1,36.0,0,0,26.2875,male,S,1
514,1,54.0,1,0,59.4,female,C,1
515,3,24.0,0,0,7.4958,male,S,0
516,1,47.0,0,0,34.0208,male,S,0
517,2,34.0,0,0,10.5,female,S,1
518,3,,0,0,24.15,male,Q,0
519,2,36.0,1,0,26.0,female,S,1
520,3,32.0,0,0,7.8958,male,S,0
521,1,30.0,0,0,93.5,female,S,1
522,3,22.0,0,0,7.8958,male,S,0
523,3,,0,0,7.225,male,C,0
524,1,44.0,0,1,57.9792,female,C,1
525,3,,0,0,7.2292,male,C,0
526,3,40.5,0,0,7.75,male,Q,0
527,2,50.0,0,0,10.5,female,S,1
528,1,,0,0,221.7792,male,S,0
529,3,39.0,0,0,7.925,male,S,0
530,2,23.0,2,1,11.5,male,S,0
531,2,2.0,1,1,26.0,female,S,1
532,3,,0,0,7.2292,male,C,0
533,3,17.0,1,1,7.2292,male,C,0
534,3,,0,2,22.3583,female,C,1
535,3,30.0,0,0,8.6625,female,S,0
536,2,7.0,0,2,26.25,female,S,1
537,1,45.0,0,0,26.55,male,S,0
538,1,30.0,0,0,106.425,female,C,1
539,3,,0,0,14.5,male,S,0
540,1,22.0,0,2,49.5,female,C,1
541,1,36.0,0,2,71.0,female,S,1
542,3,9.0,4,2,31.275,female,S,0
543,3,11.0,4,2,31.275,female,S,0
544,2,32.0,1,0,26.0,male,S,1
545,1,50.0,1,0,106.425,male,C,0
546,1,64.0,0,0,26.0,male,S,0
547,2,19.0,1,0,26.0,female,S,1
548,2,,0,0,13.8625,male,C,1
549,3,33.0,1,1,20.525,male,S,0
550,2,8.0,1,1,36.75,male,S,1
551,1,17.0,0,2,110.8833,male,C,1
552,2,27.0,0,0,26.0,male,S,0
553,3,,0,0,7.8292,male,Q,0
554,3,22.0,0,0,7.225,male,C,1
555,3,22.0,0,0,7.775,female,S,1
556,1,62.0,0,0,26.55,male,S,0
557,1,48.0,1,0,39.6,female,C,1
558,1,,0,0,227.525,male,C,0
559,1,39.0,1,1,79.65,female,S,1
560,3,36.0,1,0,17.4,female,S,1
561,3,,0,0,7.75,male,Q,0
562,3,40.0,0,0,7.8958,male,S,0
563,2,28.0,0,0,13.5,male,S,0
564,3,,0,0,8.05,male,S,0
565,3,,0,0,8.05,female,S,0
566,3,24.0,2,0,24.15,male,S,0
567,3,19.0,0,0,7.8958,male,S,0
568,3,29.0,0,4,21.075,female,S,0
569,3,,0,0,7.2292,male,C,0
570,3,32.0,0,0,7.8542,male,S,1
571,2,62.0,0,0,10.5,male,S,1
572,1,53.0,2,0,51.4792,female,S,1
573,1,36.0,0,0,26.3875,male,S,1
574,3,,0,0,7.75,female,Q,1
575,3,16.0,0,0,8.05,male,S,0
576,3,19.0,0,0,14.5,male,S,0
577,2,34.0,0,0,13.0,female,S,1
578,1,39.0,1,0,55.9,female,S,1
579,3,,1,0,14.4583,female,C,0
580,3,32.0,0,0,7.925,male,S,1
581,2,25.0,1,1,30.0,female,S,1
582,1,39.0,1,1,110.8833,female,C,1
583,2,54.0,0,0,26.0,male,S,0
584,1,36.0,0,0,40.125,male,C,0
585,3,,0,0,8.7125,male,C,0
586,1,18.0,0,2,79.65,female,S,1
587,2,47.0,0,0,15.0,male,S,0
588,1,60.0,1,1,79.2,male,C,1
589,3,22.0,0,0,8.05,male,S,0
590,3,,0,0,8.05,male,S,0
591,3,35.0,0,0,7.125,male,S,0
592,1,52.0,1,0,78.2667,female,C,1
593,3,47.0,0,0,7.25,male,S,0
594,3,,0,2,7.75,female,Q,0
595,2,37.0,1,0,26.0,male,S,0
596,3,36.0,1,1,24.15,male,S,0
597,2,,0,0,33.0,female,S,1
598,3,49.0,0,0,0.0,male,S,0
599,3,,0,0,7.225,male,C,0
600,1,49.0,1,0,56.9292,male,C,1
601,2,24.0,2,1,27.0,female,S,1
602,3,,0,0,7.8958,male,S,0
603,1,,0,0,42.4,male,S,0
604,3,44.0,0,0,8.05,male,S,0
605,1,35.0,0,0,26.55,male,C,1
606,3,36.0,1,0,15.55,male,S,0
607,3,30.0,0,0,7.8958,male,S,0
608,1,27.0,0,0,30.5,male,S,1
609,2,22.0,1,2,41.5792,female,C,1
610,1,40.0,0,0,153.4625,female,S,1
611,3,39.0,1,5,31.275,female,S,0
612,3,,0,0,7.05,male,S,0
613,3,,1,0,15.5,female,Q,1
614,3,,0,0,7.75,male,Q,0
615,3,35.0,0,0,8.05,male,S,0
616,2,24.0,1,2,65.0,female,S,1
617,3,34.0,1,1,14.4,male,S,0
618,3,26.0,1,0,16.1,female,S,0
619,2,4.0,2,1,39.0,female,S,1
620,2,26.0,0,0,10.5,male,S,0
621,3,27.0,1,0,14.4542,male,C,0
622,1,42.0,1,0,52.5542,male,S,1
623,3,20.0,1,1,15.7417,male,C,1
624,3,21.0,0,0,7.8542,male,S,0
625,3,21.0,0,0,16.1,male,S,0
626,1,61.0,0,0,32.3208,male,S,0
627,2,57.0,0,0,12.35,male,Q,0
628,1,21.0,0,0,77.9583,female,S,1
629,3,26.0,0,0,7.8958,male,S,0
630,3,,0,0,7.7333,male,Q,0
631,1,80.0,0,0,30.0,male,S,1
632,3,51.0,0,0,7.0542,male,S,0
633,1,32.0,0,0,30.5,male,C,1
634,1,,0,0,0.0,male,S,0
635,3,9.0,3,2,27.9,female,S,0
636,2,28.0,0,0,13.0,female,S,1
637,3,32.0,0,0,7.925,male,S,0
638,2,31.0,1,1,26.25,male,S,0
639,3,41.0,0,5,39.6875,female,S,0
640,3,,1,0,16.1,male,S,0
641,3,20.0,0,0,7.8542,male,S,0
642,1,24.0,0,0,69.3,female,C,1
643,3,2.0,3,2,27.9,female,S,0
644,3,,0,0,56.4958,male,S,1
645,3,0.75,2,1,19.2583,female,C,1
646,1,48.0,1,0,76.7292,male,C,1
647,3,19.0,0,0,7.8958,male,S,0
648,1,56.0,0,0,35.5,male,C,1
649,3,,0,0,7.55,male,S,0
650,3,23.0,0,0,7.55,female,S,1
651,3,,0,0,7.8958,male,S,0
652,2,18.0,0,1,23.0,female,S,1
653,3,21.0,0,0,8.4333,male,S,0
654,3,,0,0,7.8292,female,Q,1
655,3,18.0,0,0,6.75,female,Q,0
656,2,24.0,2,0,73.5,male,S,0
657,3,,0,0,7.8958,male,S,0
658,3,32.0,1,1,15.5,female,Q,0
659,2,23.0,0,0,13.0,male,S,0
660,1,58.0,0,2,113.275,male,C,0
661,1,50.0,2,0,133.65,male,S,1
662,3,40.0,0,0,7.225,male,C,0
663,1,47.0,0,0,25.5875,male,S,0
664,3,36.0,0,0,7.4958,male,S,0
665,3,20.0,1,0,7.925,male,S,1
666,2,32.0,2,0,73.5,male,S,0
667,2,25.0,0,0,13.0,male,S,0
668,3,,0,0,7.775,male,S,0
669,3,43.0,0,0,8.05,male,S,0
670,1,,1,0,52.0,female,S,1
671,2,40.0,1,1,39.0,female,S,1
672,1,31.0,1,0,52.0,male,S,0
673,2,70.0,0,0,10.5,male,S,0
674,2,31.0,0,0,13.0,male,S,1
675,2,,0,0,0.0,male,S,0
676,3,18.0,0,0,7.775,male,S,0
677,3,24.5,0,0,8.05,male,S,0
678,3,18.0,0,0,9.8417,female,S,1
679,3,43.0,1,6,46.9,female,S,0
680,1,36.0,0,1,512.3292,male,C,1
681,3,,0,0,8.1375,female,Q,0
682,1,27.0,0,0,76.7292,male,C,1
683,3,20.0,0,0,9.225,male,S,0
684,3,14.0,5,2,46.9,male,S,0
685,2,60.0,1,1,39.0,male,S,0
686,2,25.0,1,2,41.5792,male,C,0
687,3,14.0,4,1,39.6875,male,S,0
688,3,19.0,0,0,10.1708,male,S,0
689,3,18.0,0,0,7.7958,male,S,0
690,1,15.0,0,1,211.3375,female,S,1
691,1,31.0,1,0,57.0,male,S,1
692,3,4.0,0,1,13.4167,female,C,1
693,3,,0,0,56.4958,male,S,1
694,3,25.0,0,0,7.225,male,C,0
695,1,60.0,0,0,26.55,male,S,0
696,2,52.0,0,0,13.5,male,S,0
697,3,44.0,0,0,8.05,male,S,0
698,3,,0,0,7.7333,female,Q,1
699,1,49.0,1,1,110.8833,male,C,0
700,3,42.0,0,0,7.65,male,S,0
701,1,18.0,1,0,227.525,female,C,1
702,1,35.0,0,0,26.2875,male,S,1
703,3,18.0,0,1,14.4542,female,C,0
704,3,25.0,0,0,7.7417,male,Q,0
705,3,26.0,1,0,7.8542,male,S,0
706,2,39.0,0,0,26.0,male,S,0
707,2,45.0,0,0,13.5,female,S,1
708,1,42.0,0,0,26.2875,male,S,1
709,1,22.0,0,0,151.55,female,S,1
710,3,,1,1,15.2458,male,C,1
711,1,24.0,0,0,49.5042,female,C,1
712,1,,0,0,26.55,male,S,0
713,1,48.0,1,0,52.0,male,S,1
714,3,29.0,0,0,9.4833,male,S,0
715,2,52.0,0,0,13.0,male,S,0
716,3,19.0,0,0,7.65,male,S,0
717,1,38.0,0,0,227.525,female,C,1
718,2,27.0,0,0,10.5,female,S,1
719,3,,0,0,15.5,male,Q,0
720,3,33.0,0,0,7.775,male,S,0
721,2,6.0,0,1,33.0,female,S,1
722,3,17.0,1,0,7.0542,male,S,0
723,2,34.0,0,0,13.0,male,S,0
724,2,50.0,0,0,13.0,male,S,0
725,1,27.0,1,0,53.1,male,S,1
726,3,20.0,0,0,8.6625,male,S,0
727,2,30.0,3,0,21.0,female,S,1
728,3,,0,0,7.7375,female,Q,1
729,2,25.0,1,0,26.0,male,S,0
730,3,25.0,1,0,7.925,female,S,0
731,1,29.0,0,0,211.3375,female,S,1
732,3,11.0,0,0,18.7875,male,C,0
733,2,,0,0,0.0,male,S,0
734,2,23.0,0,0,13.0,male,S,0
735,2,23.0,0,0,13.0,male,S,0
736,3,28.5,0,0,16.1,male,S,0
737,3,48.0,1,3,34.375,female,S,0
738,1,35.0,0,0,512.3292,male,C,1
739,3,,0,0,7.8958,male,S,0
740,3,,0,0,7.8958,male,S,0
741,1,,0,0,30.0,male,S,1
742,1,36.0,1,0,78.85,male,S,0
743,1,21.0,2,2,262.375,female,C,1
744,3,24.0,1,0,16.1,male,S,0
745,3,31.0,0,0,7.925,male,S,1
746,1,70.0,1,1,71.0,male,S,0
747,3,16.0,1,1,20.25,male,S,0
748,2,30.0,0,0,13.0,female,S,1
749,1,19.0,1,0,53.1,male,S,0
750,3,31.0,0,0,7.75,male,Q,0
751,2,4.0,1,1,23.0,female,S,1
752,3,6.0,0,1,12.475,male,S,1
753,3,33.0,0,0,9.5,male,S,0
754,3,23.0,0,0,7.8958,male,S,0
755,2,48.0,1,2,65.0,female,S,1
756,2,0.67,1,1,14.5,male,S,1
757,3,28.0,0,0,7.7958,male,S,0
758,2,18.0,0,0,11.5,male,S,0
759,3,34.0,0,0,8.05,male,S,0
760,1,33.0,0,0,86.5,female,S,1
761,3,,0,0,14.5,male,S,0
762,3,41.0,0,0,7.125,male,S,0
763,3,20.0,0,0,7.2292,male,C,1
764,1,36.0,1,2,120.0,female,S,1
765,3,16.0,0,0,7.775,male,S,0
766,1,51.0,1,0,77.9583,female,S,1
767,1,,0,0,39.6,male,C,0
768,3,30.5,0,0,7.75,female,Q,0
769,3,,1,0,24.15,male,Q,0
770,3,32.0,0,0,8.3625,male,S,0
771,3,24.0,0,0,9.5,male,S,0
772,3,48.0,0,0,7.8542,male,S,0
773,2,57.0,0,0,10.5,female,S,0
774,3,,0,0,7.225,male,C,0
775,2,54.0,1,3,23.0,female,S,1
776,3,18.0,0,0,7.75,male,S,0
777,3,,0,0,7.75,male,Q,0
778,3,5.0,0,0,12.475,female,S,1
779,3,,0,0,7.7375,male,Q,0
780,1,43.0,0,1,211.3375,female,S,1
781,3,13.0,0,0,7.2292,female,C,1
782,1,17.0,1,0,57.0,female,S,1
783,1,29.0,0,0,30.0,male,S,0
784,3,,1,2,23.45,male,S,0
785,3,25.0,0,0,7.05,male,S,0
786,3,25.0,0,0,7.25,male,S,0
787,3,18.0,0,0,7.4958,female,S,1
788,3,8.0,4,1,29.125,male,Q,0
789,3,1.0,1,2,20.575,male,S,1
790,1,46.0,0,0,79.2,male,C,0
791,3,,0,0,7.75,male,Q,0
792,2,16.0,0,0,26.0,male,S,0
793,3,,8,2,69.55,female,S,0
794,1,,0,0,30.6958,male,C,0
795,3,25.0,0,0,7.8958,male,S,0
796,2,39.0,0,0,13.0,male,S,0
797,1,49.0,0,0,25.9292,female,S,1
798,3,31.0,0,0,8.6833,female,S,1
799,3,30.0,0,0,7.2292,male,C,0
800,3,30.0,1,1,24.15,female,S,0
801,2,34.0,0,0,13.0,male,S,0
802,2,31.0,1,1,26.25,female,S,1
803,1,11.0,1,2,120.0,male,S,1
804,3,0.42,0,1,8.5167,male,C,1
805,3,27.0,0,0,6.975,male,S,1
806,3,31.0,0,0,7.775,male,S,0
807,1,39.0,0,0,0.0,male,S,0
808,3,18.0,0,0,7.775,female,S,0
809,2,39.0,0,0,13.0,male,S,0
810,1,33.0,1,0,53.1,female,S,1
811,3,26.0,0,0,7.8875,male,S,0
812,3,39.0,0,0,24.15,male,S,0
813,2,35.0,0,0,10.5,male,S,0
814,3,6.0,4,2,31.275,female,S,0
815,3,30.5,0,0,8.05,male,S,0
816,1,,0,0,0.0,male,S,0
817,3,23.0,0,0,7.925,female,S,0
818,2,31.0,1,1,37.0042,male,C,0
819,3,43.0,0,0,6.45,male,S,0
820,3,10.0,3,2,27.9,male,S,0
821,1,52.0,1,1,93.5,female,S,1
822,3,27.0,0,0,8.6625,male,S,1
823,1,38.0,0,0,0.0,male,S,0
824,3,27.0,0,1,12.475,female,S,1
825,3,2.0,4,1,39.6875,male,S,0
826,3,,0,0,6.95,male,Q,0
827,3,,0,0,56.4958,male,S,0
828,2,1.0,0,2,37.0042,male,C,1
829,3,,0,0,7.75,male,Q,1
830,1,62.0,0,0,80.0,female,,1
831,3,15.0,1,0,14.4542,female,C,1
832,2,0.83,1,1,18.75,male,S,1
833,3,,0,0,7.2292,male,C,0
834,3,23.0,0,0,7.8542,male,S,0
835,3,18.0,0,0,8.3,male,S,0
836,1,39.0,1,1,83.1583,female,C,1
837,3,21.0,0,0,8.6625,male,S,0
838,3,,0,0,8.05,male,S,0
839,3,32.0,0,0,56.4958,male,S,1
840,1,,0,0,29.7,male,C,1
841,3,20.0,0,0,7.925,male,S,0
842,2,16.0,0,0,10.5,male,S,0
843,1,30.0,0,0,31.0,female,C,1
844,3,34.5,0,0,6.4375,male,C,0
845,3,17.0,0,0,8.6625,male,S,0
846,3,42.0,0,0,7.55,male,S,0
847,3,,8,2,69.55,male,S,0
848,3,35.0,0,0,7.8958,male,C,0
849,2,28.0,0,1,33.0,male,S,0
850,1,,1,0,89.1042,female,C,1
851,3,4.0,4,2,31.275,male,S,0
852,3,74.0,0,0,7.775,male,S,0
853,3,9.0,1,1,15.2458,female,C,0
854,1,16.0,0,1,39.4,female,S,1
855,2,44.0,1,0,26.0,female,S,0
856,3,18.0,0,1,9.35,female,S,1
857,1,45.0,1,1,164.8667,female,S,1
858,1,51.0,0,0,26.55,male,S,1
859,3,24.0,0,3,19.2583,female,C,1
860,3,,0,0,7.2292,male,C,0
861,3,41.0,2,0,14.1083,male,S,0
862,2,21.0,1,0,11.5,male,S,0
863,1,48.0,0,0,25.9292,female,S,1
864,3,,8,2,69.55,female,S,0
865,2,24.0,0,0,13.0,male,S,0
866,2,42.0,0,0,13.0,female,S,1
867,2,27.0,1,0,13.8583,female,C,1
868,1,31.0,0,0,50.4958,male,S,0
869,3,,0,0,9.5,male,S,0
870,3,4.0,1,1,11.1333,male,S,1
871,3,26.0,0,0,7.8958,male,S,0
872,1,47.0,1,1,52.5542,female,S,1
873,1,33.0,0,0,5.0,male,S,0
874,3,47.0,0,0,9.0,male,S,0
875,2,28.0,1,0,24.0,female,C,1
876,3,15.0,0,0,7.225,female,C,1
877,3,20.0,0,0,9.8458,male,S,0
878,3,19.0,0,0,7.8958,male,S,0
879,3,,0,0,7.8958,male,S,0
880,1,56.0,0,1,83.1583,female,C,1
881,2,25.0,0,1,26.0,female,S,1
882,3,33.0,0,0,7.8958,male,S,0
883,3,22.0,0,0,10.5167,female,S,0
884,2,28.0,0,0,10.5,male,S,0
885,3,25.0,0,0,7.05,male,S,0
886,3,39.0,0,5,29.125,female,Q,0
887,2,27.0,0,0,13.0,male,S,0
888,1,19.0,0,0,30.0,female,S,1
889,3,,1,2,23.45,female,S,0
890,1,26.0,0,0,30.0,male,C,1
891,3,32.0,0,0,7.75,male,Q,0
